Timestamp,TDS (ppm),pH,Turbidity (NTU),Temperature (Â°C),FlowRate (L/min),FilterUsage (Hours),Status
2025-01-01 00:00:00,224,6.67,2.35,30.71,1.18,154,Average
2025-01-01 01:00:00,1097,6.0,2.8,34.49,0.5,104,Poor
2025-01-01 02:00:00,567,7.84,2.78,15.01,1.82,95,Average
2025-01-01 03:00:00,993,7.93,2.09,30.09,0.45,98,Poor
2025-01-01 04:00:00,971,6.87,4.83,17.04,1.35,192,Poor
2025-01-01 05:00:00,431,7.57,2.73,31.29,1.71,182,Average
2025-01-01 06:00:00,943,7.74,0.36,12.43,0.53,122,Poor
2025-01-01 07:00:00,714,7.44,4.97,31.99,0.32,31,Average
2025-01-01 08:00:00,819,8.29,4.28,22.54,1.31,5,Average
2025-01-01 09:00:00,385,8.07,4.55,19.24,1.24,6,Average
2025-01-01 10:00:00,946,8.03,4.9,27.2,0.7,8,Poor
2025-01-01 11:00:00,821,8.51,4.37,11.71,1.38,30,Average
2025-01-01 12:00:00,740,8.4,2.66,12.97,0.58,186,Average
2025-01-01 13:00:00,844,5.99,1.66,13.43,1.0,38,Poor
2025-01-01 14:00:00,862,5.52,4.43,29.77,1.34,69,Poor
2025-01-01 15:00:00,1151,8.97,4.47,10.65,1.39,295,Poor
2025-01-01 16:00:00,362,8.69,3.1,23.46,1.35,280,Average
2025-01-01 17:00:00,636,7.21,0.5,13.03,1.85,166,Average
2025-01-01 18:00:00,1043,8.11,4.67,30.3,1.03,11,Poor
2025-01-01 19:00:00,933,6.57,0.94,22.52,1.82,170,Poor
2025-01-01 20:00:00,929,8.64,3.82,33.52,0.67,227,Poor
2025-01-01 21:00:00,890,7.45,2.07,31.72,0.69,247,Average
2025-01-01 22:00:00,633,8.27,1.83,29.51,1.24,51,Average
2025-01-01 23:00:00,471,6.21,0.99,19.56,0.93,140,Average
2025-01-02 00:00:00,1177,7.6,3.19,16.85,0.45,146,Poor
2025-01-02 01:00:00,1064,7.25,4.69,36.52,1.21,244,Poor
2025-01-02 02:00:00,626,6.94,2.59,24.67,1.78,263,Average
2025-01-02 03:00:00,1163,7.55,4.49,24.18,0.46,34,Poor
2025-01-02 04:00:00,765,6.74,4.37,38.99,1.21,157,Average
2025-01-02 05:00:00,501,5.84,3.26,28.79,0.59,154,Poor
2025-01-02 06:00:00,1130,6.65,1.91,37.1,1.5,229,Poor
2025-01-02 07:00:00,969,6.5,0.87,30.92,1.26,268,Poor
2025-01-02 08:00:00,1186,6.85,4.01,21.88,1.29,163,Poor
2025-01-02 09:00:00,1005,8.22,2.93,18.72,0.73,90,Poor
2025-01-02 10:00:00,275,6.6,1.49,11.25,1.61,31,Good
2025-01-02 11:00:00,476,5.99,0.59,28.92,0.23,196,Poor
2025-01-02 12:00:00,592,6.85,3.28,36.43,1.33,86,Average
2025-01-02 13:00:00,752,6.74,4.27,35.17,0.59,88,Average
2025-01-02 14:00:00,819,8.04,2.04,28.14,1.66,72,Average
2025-01-02 15:00:00,538,8.38,4.16,16.01,1.16,195,Average
2025-01-02 16:00:00,798,7.49,3.18,39.26,1.46,277,Average
2025-01-02 17:00:00,831,6.08,2.61,11.48,1.48,73,Average
2025-01-02 18:00:00,460,6.5,0.91,36.3,1.86,45,Good
2025-01-02 19:00:00,275,5.67,1.08,17.82,1.87,200,Poor
2025-01-02 20:00:00,740,8.54,0.19,14.41,1.94,31,Average
2025-01-02 21:00:00,353,5.97,0.59,17.77,1.65,148,Poor
2025-01-02 22:00:00,328,8.72,0.89,19.57,1.18,118,Average
2025-01-02 23:00:00,200,6.54,0.37,17.14,1.79,127,Good
2025-01-03 00:00:00,371,5.71,1.05,10.85,0.81,146,Poor
2025-01-03 01:00:00,1100,7.84,3.19,12.98,1.64,70,Poor
2025-01-03 02:00:00,409,7.8,3.39,32.01,0.72,273,Average
2025-01-03 03:00:00,1071,6.77,1.6,35.85,1.53,70,Poor
2025-01-03 04:00:00,918,6.09,0.29,25.7,1.2,95,Poor
2025-01-03 05:00:00,580,6.29,4.39,10.58,0.83,260,Average
2025-01-03 06:00:00,922,7.34,3.45,21.73,2.0,70,Poor
2025-01-03 07:00:00,940,8.16,2.44,18.02,0.35,134,Poor
2025-01-03 08:00:00,380,7.57,0.91,11.39,0.51,109,Good
2025-01-03 09:00:00,787,7.84,3.4,38.87,0.89,72,Average
2025-01-03 10:00:00,1008,7.25,3.0,32.6,1.27,12,Poor
2025-01-03 11:00:00,1152,7.26,4.88,26.4,1.14,284,Poor
2025-01-03 12:00:00,1179,8.52,3.47,17.13,0.49,197,Poor
2025-01-03 13:00:00,312,8.95,0.54,15.73,1.75,71,Poor
2025-01-03 14:00:00,395,7.16,0.99,30.22,0.26,131,Good
2025-01-03 15:00:00,1189,6.17,4.64,35.18,0.65,211,Poor
2025-01-03 16:00:00,882,5.95,0.12,21.84,1.97,20,Poor
2025-01-03 17:00:00,644,6.86,3.15,33.78,1.28,189,Average
2025-01-03 18:00:00,501,8.52,3.97,14.56,0.41,8,Average
2025-01-03 19:00:00,1055,9.0,0.69,33.69,0.22,237,Poor
2025-01-03 20:00:00,497,5.95,2.91,14.29,1.51,169,Poor
2025-01-03 21:00:00,303,5.59,4.55,14.17,1.17,63,Poor
2025-01-03 22:00:00,295,7.46,1.2,37.28,1.02,77,Good
2025-01-03 23:00:00,259,7.62,3.73,11.35,1.5,216,Average
2025-01-04 00:00:00,518,7.75,2.49,25.07,0.5,270,Average
2025-01-04 01:00:00,543,6.69,1.83,23.52,1.09,155,Good
2025-01-04 02:00:00,1045,7.07,0.9,14.76,1.82,68,Poor
2025-01-04 03:00:00,248,6.52,3.77,29.61,1.99,82,Average
2025-01-04 04:00:00,1110,6.14,4.71,30.61,1.28,213,Poor
2025-01-04 05:00:00,439,6.37,3.8,22.84,0.48,111,Average
2025-01-04 06:00:00,469,6.25,3.51,35.6,1.02,130,Average
2025-01-04 07:00:00,756,8.76,2.73,14.12,1.94,50,Average
2025-01-04 08:00:00,221,7.91,4.91,21.29,1.83,171,Average
2025-01-04 09:00:00,990,7.69,1.3,19.68,1.28,94,Poor
2025-01-04 10:00:00,618,8.71,1.39,37.24,1.39,11,Average
2025-01-04 11:00:00,483,8.85,0.27,18.66,1.19,2,Poor
2025-01-04 12:00:00,232,7.54,1.41,33.39,1.45,258,Good
2025-01-04 13:00:00,336,6.77,0.19,39.13,1.42,120,Good
2025-01-04 14:00:00,330,8.24,4.51,19.77,0.38,234,Average
2025-01-04 15:00:00,1169,6.99,4.75,39.61,0.4,123,Poor
2025-01-04 16:00:00,906,6.39,1.28,10.25,1.33,171,Poor
2025-01-04 17:00:00,1026,7.4,0.77,31.11,1.35,227,Poor
2025-01-04 18:00:00,894,5.81,3.31,35.7,0.5,153,Poor
2025-01-04 19:00:00,445,7.95,3.56,23.86,0.35,169,Average
2025-01-04 20:00:00,1071,8.35,4.94,19.47,1.38,273,Poor
2025-01-04 21:00:00,328,5.97,2.45,38.78,0.91,41,Poor
2025-01-04 22:00:00,214,7.17,1.87,26.96,1.65,77,Good
2025-01-04 23:00:00,442,7.85,4.67,26.92,1.86,285,Average
2025-01-05 00:00:00,877,7.8,1.16,20.83,1.37,105,Average
2025-01-05 01:00:00,425,5.96,4.84,32.13,0.41,218,Poor
2025-01-05 02:00:00,1195,7.29,0.51,19.81,1.22,280,Poor
2025-01-05 03:00:00,889,8.24,3.73,11.2,0.56,167,Average
2025-01-05 04:00:00,588,7.85,0.3,16.34,1.74,128,Good
2025-01-05 05:00:00,875,7.62,0.32,22.34,1.98,134,Average
2025-01-05 06:00:00,668,8.46,3.54,20.63,0.87,56,Average
2025-01-05 07:00:00,677,5.93,2.6,37.67,0.76,146,Poor
2025-01-05 08:00:00,606,7.56,2.24,25.44,1.12,8,Average
2025-01-05 09:00:00,452,7.09,1.7,14.41,1.75,100,Good
2025-01-05 10:00:00,464,7.69,4.43,11.55,0.6,192,Average
2025-01-05 11:00:00,938,8.78,1.64,26.69,1.03,169,Poor
2025-01-05 12:00:00,427,7.6,3.7,37.78,1.6,176,Average
2025-01-05 13:00:00,320,7.85,4.85,22.32,1.71,9,Average
2025-01-05 14:00:00,928,8.09,4.35,37.91,0.38,130,Poor
2025-01-05 15:00:00,440,5.74,4.45,24.6,1.7,87,Poor
2025-01-05 16:00:00,561,8.11,1.62,28.06,1.11,189,Good
2025-01-05 17:00:00,734,7.77,2.18,36.36,0.5,33,Average
2025-01-05 18:00:00,830,6.49,3.04,35.87,1.75,131,Average
2025-01-05 19:00:00,878,8.99,4.68,32.41,1.35,202,Poor
2025-01-05 20:00:00,1104,6.0,4.75,37.28,0.66,233,Poor
2025-01-05 21:00:00,491,8.35,4.58,34.24,1.45,268,Average
2025-01-05 22:00:00,205,7.9,2.8,28.4,0.36,199,Average
2025-01-05 23:00:00,1178,5.96,4.13,23.2,1.27,254,Poor
2025-01-06 00:00:00,934,5.96,1.2,28.35,0.71,293,Poor
2025-01-06 01:00:00,765,7.64,3.6,38.88,1.43,221,Average
2025-01-06 02:00:00,837,6.44,4.67,33.31,1.57,250,Average
2025-01-06 03:00:00,602,6.75,0.81,15.38,1.4,65,Average
2025-01-06 04:00:00,835,6.69,3.02,36.96,1.92,225,Average
2025-01-06 05:00:00,1192,8.54,2.21,18.5,1.3,202,Poor
2025-01-06 06:00:00,562,8.94,1.38,21.41,0.36,85,Poor
2025-01-06 07:00:00,812,8.73,3.54,27.78,0.94,0,Average
2025-01-06 08:00:00,289,7.29,1.5,36.28,0.68,161,Good
2025-01-06 09:00:00,864,6.63,2.39,12.08,1.15,283,Average
2025-01-06 10:00:00,1033,7.97,3.72,24.31,1.7,33,Poor
2025-01-06 11:00:00,1073,8.89,4.15,26.9,0.7,128,Poor
2025-01-06 12:00:00,1014,5.98,3.04,19.7,0.76,59,Poor
2025-01-06 13:00:00,331,8.18,4.07,36.76,0.33,172,Average
2025-01-06 14:00:00,650,6.06,1.71,20.62,0.51,67,Average
2025-01-06 15:00:00,830,7.01,3.77,14.61,1.36,225,Average
2025-01-06 16:00:00,1149,7.32,0.26,11.17,0.8,197,Poor
2025-01-06 17:00:00,1148,8.73,1.39,31.27,1.63,70,Poor
2025-01-06 18:00:00,465,6.29,4.54,26.37,0.87,36,Average
2025-01-06 19:00:00,730,7.49,1.31,15.88,0.69,90,Average
2025-01-06 20:00:00,1199,7.42,2.38,28.1,1.3,264,Poor
2025-01-06 21:00:00,292,8.47,4.01,32.31,0.23,254,Average
2025-01-06 22:00:00,335,7.6,1.0,16.89,0.54,179,Good
2025-01-06 23:00:00,1031,6.52,1.88,35.23,0.59,298,Poor
2025-01-07 00:00:00,892,6.11,1.75,39.55,0.3,271,Average
2025-01-07 01:00:00,899,7.44,2.1,35.52,1.77,26,Average
2025-01-07 02:00:00,415,8.58,3.06,25.51,0.84,205,Average
2025-01-07 03:00:00,620,7.35,0.75,19.99,0.55,258,Average
2025-01-07 04:00:00,299,6.81,2.68,28.95,0.22,108,Average
2025-01-07 05:00:00,223,6.76,4.71,38.55,0.88,294,Average
2025-01-07 06:00:00,948,6.25,2.47,39.12,1.78,86,Poor
2025-01-07 07:00:00,212,7.22,1.2,18.69,0.67,200,Good
2025-01-07 08:00:00,266,5.82,1.49,37.52,1.57,224,Poor
2025-01-07 09:00:00,570,5.58,2.48,18.41,1.98,208,Poor
2025-01-07 10:00:00,818,6.4,3.55,31.69,0.4,214,Average
2025-01-07 11:00:00,1123,6.08,2.55,12.79,1.82,163,Poor
2025-01-07 12:00:00,542,8.0,2.17,32.0,0.58,105,Average
2025-01-07 13:00:00,715,7.41,4.7,35.33,1.12,87,Average
2025-01-07 14:00:00,253,5.76,0.67,15.0,1.05,194,Poor
2025-01-07 15:00:00,480,8.93,3.64,28.3,0.3,245,Poor
2025-01-07 16:00:00,915,6.54,1.07,26.96,1.16,201,Poor
2025-01-07 17:00:00,974,6.53,3.37,23.49,0.59,3,Poor
2025-01-07 18:00:00,465,6.37,4.36,19.3,0.88,189,Average
2025-01-07 19:00:00,1015,6.76,1.03,12.14,0.73,273,Poor
2025-01-07 20:00:00,394,6.74,3.81,18.97,0.79,50,Average
2025-01-07 21:00:00,963,6.9,0.3,30.64,1.57,64,Poor
2025-01-07 22:00:00,881,6.7,3.03,20.25,1.58,113,Average
2025-01-07 23:00:00,823,5.89,1.11,12.58,1.75,167,Poor
2025-01-08 00:00:00,1007,5.81,3.42,13.66,0.78,130,Poor
2025-01-08 01:00:00,1021,7.11,4.39,15.72,0.57,226,Poor
2025-01-08 02:00:00,969,6.87,2.6,19.91,0.62,50,Poor
2025-01-08 03:00:00,844,8.68,3.26,39.91,0.55,174,Average
2025-01-08 04:00:00,669,7.0,0.23,19.2,1.49,47,Average
2025-01-08 05:00:00,1099,7.95,4.84,31.99,1.63,39,Poor
2025-01-08 06:00:00,943,7.13,0.68,12.88,0.21,133,Poor
2025-01-08 07:00:00,1042,6.44,1.3,36.5,0.28,245,Poor
2025-01-08 08:00:00,703,5.64,3.46,20.28,1.5,44,Poor
2025-01-08 09:00:00,581,7.04,3.2,31.41,1.74,78,Average
2025-01-08 10:00:00,205,6.98,3.71,39.53,1.23,35,Average
2025-01-08 11:00:00,462,5.67,1.41,16.38,2.0,229,Poor
2025-01-08 12:00:00,1076,6.65,3.04,12.43,1.69,0,Poor
2025-01-08 13:00:00,1111,8.01,0.39,39.19,0.87,43,Poor
2025-01-08 14:00:00,940,6.47,0.25,15.99,0.67,215,Poor
2025-01-08 15:00:00,583,8.48,3.05,17.33,0.55,298,Average
2025-01-08 16:00:00,337,8.51,3.26,15.48,1.15,110,Average
2025-01-08 17:00:00,980,6.66,3.77,26.8,1.13,224,Poor
2025-01-08 18:00:00,695,7.33,2.72,24.1,0.79,223,Average
2025-01-08 19:00:00,748,7.78,2.06,23.57,0.56,43,Average
2025-01-08 20:00:00,1195,6.15,2.44,36.14,1.34,149,Poor
2025-01-08 21:00:00,330,7.67,2.97,32.76,1.36,31,Average
2025-01-08 22:00:00,1029,7.2,1.37,23.28,1.26,109,Poor
2025-01-08 23:00:00,622,8.36,0.18,34.68,1.41,116,Average
2025-01-09 00:00:00,613,6.25,0.53,10.58,1.76,294,Average
2025-01-09 01:00:00,940,7.29,1.75,18.33,0.43,16,Poor
2025-01-09 02:00:00,470,5.87,4.46,33.17,0.63,223,Poor
2025-01-09 03:00:00,338,6.72,4.67,16.84,1.53,30,Average
2025-01-09 04:00:00,946,5.94,3.53,14.45,1.61,119,Poor
2025-01-09 05:00:00,369,6.2,0.87,35.11,1.22,30,Average
2025-01-09 06:00:00,671,7.08,4.06,36.6,0.24,67,Average
2025-01-09 07:00:00,494,6.57,1.33,34.51,1.08,192,Good
2025-01-09 08:00:00,906,6.37,3.33,33.13,0.84,82,Poor
2025-01-09 09:00:00,1088,5.88,2.2,22.35,0.62,176,Poor
2025-01-09 10:00:00,687,6.58,1.16,10.85,0.5,278,Average
2025-01-09 11:00:00,945,7.44,1.78,35.04,0.27,181,Poor
2025-01-09 12:00:00,1051,6.26,3.54,17.19,0.91,0,Poor
2025-01-09 13:00:00,474,5.72,1.69,19.45,1.27,268,Poor
2025-01-09 14:00:00,508,8.07,4.72,18.41,0.31,169,Average
2025-01-09 15:00:00,413,6.66,3.07,32.33,1.71,41,Average
2025-01-09 16:00:00,587,6.44,2.53,26.72,1.3,51,Average
2025-01-09 17:00:00,739,5.81,2.27,27.31,1.03,252,Poor
2025-01-09 18:00:00,593,8.28,0.11,13.55,1.86,43,Good
2025-01-09 19:00:00,1145,8.82,1.43,15.44,1.71,237,Poor
2025-01-09 20:00:00,1072,6.53,3.05,19.6,1.89,243,Poor
2025-01-09 21:00:00,1058,6.65,1.93,10.94,1.46,183,Poor
2025-01-09 22:00:00,1144,6.68,2.08,17.47,1.35,281,Poor
2025-01-09 23:00:00,463,7.9,2.91,16.64,0.52,32,Average
2025-01-10 00:00:00,1119,6.95,2.21,36.27,1.38,58,Poor
2025-01-10 01:00:00,1172,6.22,0.12,20.17,1.35,203,Poor
2025-01-10 02:00:00,567,5.59,1.21,11.88,1.23,173,Poor
2025-01-10 03:00:00,1017,6.96,2.17,26.25,2.0,141,Poor
2025-01-10 04:00:00,805,5.68,1.5,19.11,1.44,42,Poor
2025-01-10 05:00:00,973,7.44,1.13,19.07,1.59,228,Poor
2025-01-10 06:00:00,220,8.94,4.94,32.4,1.67,19,Poor
2025-01-10 07:00:00,257,7.51,0.6,39.87,1.9,95,Good
2025-01-10 08:00:00,887,6.85,1.65,20.2,1.45,79,Average
2025-01-10 09:00:00,1117,7.5,4.03,27.87,1.36,227,Poor
2025-01-10 10:00:00,1038,6.73,2.43,31.87,0.34,222,Poor
2025-01-10 11:00:00,664,7.87,3.2,31.01,1.95,18,Average
2025-01-10 12:00:00,457,8.41,2.56,24.36,0.44,23,Average
2025-01-10 13:00:00,307,8.2,1.97,37.97,1.11,130,Good
2025-01-10 14:00:00,721,7.58,1.52,29.02,0.4,80,Average
2025-01-10 15:00:00,452,7.34,0.73,37.48,0.41,227,Good
2025-01-10 16:00:00,772,6.68,4.55,20.37,1.75,34,Average
2025-01-10 17:00:00,572,7.65,4.6,11.15,1.58,287,Average
2025-01-10 18:00:00,699,5.53,1.24,31.77,1.03,244,Poor
2025-01-10 19:00:00,386,6.29,2.64,36.62,0.5,20,Average
2025-01-10 20:00:00,280,8.66,4.4,37.47,0.93,72,Average
2025-01-10 21:00:00,920,6.38,1.44,14.64,0.45,164,Poor
2025-01-10 22:00:00,865,7.83,4.89,32.19,0.54,180,Average
2025-01-10 23:00:00,388,6.21,3.19,35.28,1.8,233,Average
2025-01-11 00:00:00,864,6.22,2.26,39.32,1.24,71,Average
2025-01-11 01:00:00,754,6.44,1.16,14.66,1.56,218,Average
2025-01-11 02:00:00,319,5.6,2.49,20.46,0.93,6,Poor
2025-01-11 03:00:00,413,6.13,0.38,36.28,1.37,168,Average
2025-01-11 04:00:00,795,7.67,0.51,26.02,1.63,266,Average
2025-01-11 05:00:00,724,6.34,1.74,24.63,1.26,127,Average
2025-01-11 06:00:00,957,8.65,4.89,32.95,0.5,239,Poor
2025-01-11 07:00:00,493,8.51,4.06,20.35,1.55,78,Average
2025-01-11 08:00:00,575,8.62,2.83,19.22,1.73,175,Average
2025-01-11 09:00:00,416,7.4,3.74,21.48,1.91,256,Average
2025-01-11 10:00:00,513,7.1,0.53,30.56,0.83,175,Good
2025-01-11 11:00:00,1120,8.82,1.56,22.72,0.3,135,Poor
2025-01-11 12:00:00,455,5.8,4.78,37.9,0.74,273,Poor
2025-01-11 13:00:00,920,7.71,4.48,37.86,1.97,27,Poor
2025-01-11 14:00:00,736,7.86,4.44,24.77,1.66,176,Average
2025-01-11 15:00:00,797,8.45,1.31,31.45,1.29,237,Average
2025-01-11 16:00:00,812,6.21,1.03,37.33,0.33,167,Average
2025-01-11 17:00:00,310,8.04,1.49,23.02,1.15,263,Good
2025-01-11 18:00:00,871,6.81,3.43,27.5,0.28,98,Average
2025-01-11 19:00:00,1138,8.88,1.52,12.2,1.32,227,Poor
2025-01-11 20:00:00,218,5.88,2.64,29.2,0.41,224,Poor
2025-01-11 21:00:00,899,7.25,1.17,31.01,0.85,244,Average
2025-01-11 22:00:00,800,6.25,2.28,31.37,0.63,208,Average
2025-01-11 23:00:00,903,8.75,0.18,25.19,1.46,124,Poor
2025-01-12 00:00:00,631,6.64,1.95,12.09,1.24,290,Average
2025-01-12 01:00:00,610,6.09,3.15,14.73,0.71,143,Average
2025-01-12 02:00:00,916,5.89,4.72,22.26,1.64,58,Poor
2025-01-12 03:00:00,924,6.67,4.98,28.09,1.56,144,Poor
2025-01-12 04:00:00,1113,6.21,0.81,13.22,0.64,86,Poor
2025-01-12 05:00:00,245,7.58,2.34,30.38,0.64,234,Average
2025-01-12 06:00:00,1032,7.36,3.74,17.6,1.66,80,Poor
2025-01-12 07:00:00,872,6.49,0.1,24.65,1.49,34,Average
2025-01-12 08:00:00,209,8.92,4.36,14.67,0.84,219,Poor
2025-01-12 09:00:00,754,8.41,0.96,32.14,1.1,35,Average
2025-01-12 10:00:00,217,8.77,3.91,39.06,1.85,296,Average
2025-01-12 11:00:00,1134,5.84,4.04,25.46,1.27,24,Poor
2025-01-12 12:00:00,937,7.74,1.76,13.04,0.76,137,Poor
2025-01-12 13:00:00,1061,7.13,1.01,18.15,1.69,258,Poor
2025-01-12 14:00:00,585,8.81,4.49,18.28,1.82,246,Poor
2025-01-12 15:00:00,918,7.75,4.89,27.35,0.87,0,Poor
2025-01-12 16:00:00,586,7.34,1.52,28.62,1.46,185,Good
2025-01-12 17:00:00,445,7.7,3.9,10.31,0.51,182,Average
2025-01-12 18:00:00,1117,5.58,4.72,25.59,1.03,193,Poor
2025-01-12 19:00:00,502,7.44,4.79,38.93,0.5,55,Average
2025-01-12 20:00:00,275,5.68,0.56,17.25,1.22,213,Poor
2025-01-12 21:00:00,1057,6.14,2.63,31.12,0.3,140,Poor
2025-01-12 22:00:00,943,6.34,0.44,24.55,0.34,73,Poor
2025-01-12 23:00:00,311,6.62,4.52,15.66,0.49,185,Average
2025-01-13 00:00:00,204,8.2,4.88,31.88,0.71,229,Average
2025-01-13 01:00:00,596,8.04,4.26,17.65,0.51,40,Average
2025-01-13 02:00:00,1037,6.38,0.21,21.71,0.57,16,Poor
2025-01-13 03:00:00,1082,8.9,3.36,24.52,1.99,256,Poor
2025-01-13 04:00:00,464,6.02,1.37,12.03,0.66,229,Average
2025-01-13 05:00:00,1143,7.41,3.92,13.19,0.61,195,Poor
2025-01-13 06:00:00,1107,8.48,2.1,10.51,2.0,277,Poor
2025-01-13 07:00:00,524,6.03,3.24,26.39,1.84,8,Average
2025-01-13 08:00:00,252,5.53,3.63,25.06,0.53,29,Poor
2025-01-13 09:00:00,423,6.02,3.0,31.19,0.23,156,Average
2025-01-13 10:00:00,849,7.68,3.36,26.22,0.26,243,Average
2025-01-13 11:00:00,666,8.44,4.69,18.56,1.78,89,Average
2025-01-13 12:00:00,994,7.09,4.44,16.29,1.1,51,Poor
2025-01-13 13:00:00,867,8.58,0.48,38.67,0.26,247,Average
2025-01-13 14:00:00,1034,7.84,2.95,22.48,1.71,126,Poor
2025-01-13 15:00:00,694,7.15,4.96,16.11,1.83,17,Average
2025-01-13 16:00:00,701,5.78,0.61,36.6,1.74,41,Poor
2025-01-13 17:00:00,455,6.35,0.13,12.75,1.01,237,Average
2025-01-13 18:00:00,987,7.57,3.89,19.76,1.12,94,Poor
2025-01-13 19:00:00,772,5.68,0.86,37.99,0.47,250,Poor
2025-01-13 20:00:00,565,6.84,3.47,37.86,0.63,187,Average
2025-01-13 21:00:00,1153,7.59,0.17,10.11,0.54,182,Poor
2025-01-13 22:00:00,1095,7.52,1.88,33.51,1.45,52,Poor
2025-01-13 23:00:00,263,7.63,0.16,18.02,1.2,242,Good
2025-01-14 00:00:00,577,7.77,3.18,38.2,0.49,144,Average
2025-01-14 01:00:00,742,8.89,1.04,14.87,1.81,219,Poor
2025-01-14 02:00:00,642,6.27,4.74,32.2,1.9,298,Average
2025-01-14 03:00:00,383,6.18,2.55,34.53,0.76,222,Average
2025-01-14 04:00:00,249,8.76,1.09,33.33,1.96,265,Average
2025-01-14 05:00:00,747,7.86,3.39,10.77,1.45,119,Average
2025-01-14 06:00:00,1088,6.04,4.2,16.5,1.83,20,Poor
2025-01-14 07:00:00,986,8.38,4.42,13.18,1.34,264,Poor
2025-01-14 08:00:00,346,6.12,4.45,13.97,1.81,197,Average
2025-01-14 09:00:00,458,7.75,2.57,11.8,0.86,82,Average
2025-01-14 10:00:00,880,6.39,3.89,36.77,1.43,214,Average
2025-01-14 11:00:00,716,6.1,1.97,12.34,1.38,179,Average
2025-01-14 12:00:00,625,5.55,1.32,20.18,1.11,3,Poor
2025-01-14 13:00:00,301,6.92,1.94,16.33,0.51,49,Good
2025-01-14 14:00:00,965,7.61,1.29,38.93,1.53,1,Poor
2025-01-14 15:00:00,763,8.74,2.27,11.13,0.3,104,Average
2025-01-14 16:00:00,998,6.43,1.91,11.22,0.56,125,Poor
2025-01-14 17:00:00,822,6.83,3.74,36.3,0.85,220,Average
2025-01-14 18:00:00,258,6.65,4.84,10.04,0.53,80,Average
2025-01-14 19:00:00,366,7.22,1.67,10.63,0.3,142,Good
2025-01-14 20:00:00,588,8.94,3.16,16.34,0.48,201,Poor
2025-01-14 21:00:00,1127,6.8,4.72,19.66,0.59,294,Poor
2025-01-14 22:00:00,694,5.69,2.39,39.33,1.61,126,Poor
2025-01-14 23:00:00,605,6.66,1.69,19.81,1.95,88,Average
2025-01-15 00:00:00,762,6.73,2.33,20.63,1.81,43,Average
2025-01-15 01:00:00,862,8.75,2.4,24.63,1.77,18,Average
2025-01-15 02:00:00,1031,5.76,4.51,39.48,1.4,222,Poor
2025-01-15 03:00:00,640,8.02,0.26,15.02,1.84,1,Average
2025-01-15 04:00:00,631,7.28,2.84,30.02,1.92,218,Average
2025-01-15 05:00:00,442,7.96,1.77,28.16,1.95,102,Good
2025-01-15 06:00:00,882,5.64,4.55,20.62,0.21,6,Poor
2025-01-15 07:00:00,438,6.34,1.98,10.6,1.36,205,Average
2025-01-15 08:00:00,384,8.86,3.91,27.31,1.18,233,Poor
2025-01-15 09:00:00,989,6.34,4.81,24.41,0.47,225,Poor
2025-01-15 10:00:00,1142,8.85,0.71,37.42,0.98,162,Poor
2025-01-15 11:00:00,733,6.86,2.54,29.89,1.81,50,Average
2025-01-15 12:00:00,1064,8.33,4.61,25.78,1.14,118,Poor
2025-01-15 13:00:00,804,6.53,2.44,12.74,1.25,32,Average
2025-01-15 14:00:00,1015,8.07,1.96,33.35,1.43,132,Poor
2025-01-15 15:00:00,1102,8.52,2.22,22.91,1.97,108,Poor
2025-01-15 16:00:00,419,5.91,1.69,31.82,1.44,8,Poor
2025-01-15 17:00:00,681,7.68,2.72,16.0,1.18,293,Average
2025-01-15 18:00:00,843,8.37,3.64,22.01,0.76,197,Average
2025-01-15 19:00:00,733,6.66,4.87,23.2,0.5,19,Average
2025-01-15 20:00:00,691,7.5,3.1,23.66,0.47,200,Average
2025-01-15 21:00:00,956,6.35,1.77,27.67,1.58,179,Poor
2025-01-15 22:00:00,385,8.62,2.68,32.8,0.71,199,Average
2025-01-15 23:00:00,281,7.75,0.31,37.49,0.88,126,Good
2025-01-16 00:00:00,670,7.33,4.43,25.67,1.86,182,Average
2025-01-16 01:00:00,1124,5.71,3.71,24.58,1.62,97,Poor
2025-01-16 02:00:00,909,7.95,2.27,20.63,0.72,234,Poor
2025-01-16 03:00:00,422,8.81,4.09,22.92,0.34,258,Poor
2025-01-16 04:00:00,519,8.29,3.02,26.78,1.91,219,Average
2025-01-16 05:00:00,707,8.81,0.14,39.86,1.82,33,Poor
2025-01-16 06:00:00,643,7.45,1.48,30.48,0.25,77,Average
2025-01-16 07:00:00,327,8.36,4.5,20.29,1.81,146,Average
2025-01-16 08:00:00,837,7.53,3.18,16.57,0.66,154,Average
2025-01-16 09:00:00,694,5.55,4.77,18.19,0.58,186,Poor
2025-01-16 10:00:00,820,6.12,4.04,36.12,0.5,198,Average
2025-01-16 11:00:00,392,6.94,3.93,10.81,0.67,21,Average
2025-01-16 12:00:00,762,6.73,3.56,20.44,0.86,281,Average
2025-01-16 13:00:00,278,6.31,0.75,23.14,1.39,60,Average
2025-01-16 14:00:00,578,8.27,2.77,22.77,1.09,67,Average
2025-01-16 15:00:00,801,8.21,2.36,13.99,1.84,286,Average
2025-01-16 16:00:00,355,7.68,4.28,25.04,0.98,74,Average
2025-01-16 17:00:00,361,8.54,1.46,15.45,0.22,20,Average
2025-01-16 18:00:00,964,8.06,4.2,33.82,1.09,221,Poor
2025-01-16 19:00:00,633,6.46,1.89,33.91,0.89,169,Average
2025-01-16 20:00:00,633,8.54,0.55,29.68,0.31,188,Average
2025-01-16 21:00:00,1047,7.8,1.02,31.34,1.75,84,Poor
2025-01-16 22:00:00,257,6.3,3.02,33.0,1.61,278,Average
2025-01-16 23:00:00,295,7.79,4.16,25.21,1.07,240,Average
2025-01-17 00:00:00,1180,5.64,3.17,16.34,1.72,254,Poor
2025-01-17 01:00:00,611,6.82,4.61,22.63,0.33,52,Average
2025-01-17 02:00:00,1044,5.8,1.79,15.73,0.69,145,Poor
2025-01-17 03:00:00,318,8.65,0.95,32.7,1.84,183,Average
2025-01-17 04:00:00,862,7.07,1.92,31.28,1.77,262,Average
2025-01-17 05:00:00,1035,6.56,2.89,14.2,1.29,262,Poor
2025-01-17 06:00:00,575,6.03,1.47,39.42,1.81,117,Average
2025-01-17 07:00:00,1106,8.4,1.77,21.57,1.22,111,Poor
2025-01-17 08:00:00,881,5.94,1.18,24.37,1.43,25,Poor
2025-01-17 09:00:00,660,5.97,0.48,16.77,0.23,171,Poor
2025-01-17 10:00:00,205,8.56,0.96,11.43,1.21,109,Average
2025-01-17 11:00:00,342,8.61,0.62,23.11,1.08,1,Average
2025-01-17 12:00:00,247,5.69,2.57,29.27,0.46,187,Poor
2025-01-17 13:00:00,1105,6.36,4.52,11.23,0.61,207,Poor
2025-01-17 14:00:00,722,7.96,1.05,19.32,0.96,286,Average
2025-01-17 15:00:00,962,6.23,1.17,20.98,1.5,127,Poor
2025-01-17 16:00:00,772,6.16,4.9,28.62,1.75,52,Average
2025-01-17 17:00:00,238,5.6,1.02,15.52,0.45,130,Poor
2025-01-17 18:00:00,807,8.26,3.1,23.95,1.42,85,Average
2025-01-17 19:00:00,312,5.77,1.38,18.13,1.84,38,Poor
2025-01-17 20:00:00,726,8.74,0.62,39.39,1.55,189,Average
2025-01-17 21:00:00,1158,8.24,4.31,31.17,1.99,9,Poor
2025-01-17 22:00:00,631,6.85,1.42,35.21,1.86,170,Average
2025-01-17 23:00:00,376,6.49,4.71,16.23,0.99,43,Average
2025-01-18 00:00:00,808,7.95,3.34,24.19,0.42,168,Average
2025-01-18 01:00:00,570,6.86,0.5,16.9,1.1,170,Good
2025-01-18 02:00:00,231,8.49,1.32,31.57,1.6,37,Good
2025-01-18 03:00:00,262,6.17,4.17,39.66,1.51,102,Average
2025-01-18 04:00:00,628,6.24,2.61,14.33,1.64,47,Average
2025-01-18 05:00:00,843,7.5,3.73,13.19,1.63,182,Average
2025-01-18 06:00:00,704,6.69,1.48,12.53,1.45,183,Average
2025-01-18 07:00:00,522,6.06,4.44,29.77,1.39,14,Average
2025-01-18 08:00:00,838,8.55,1.76,32.22,1.18,98,Average
2025-01-18 09:00:00,372,7.87,0.57,22.91,0.99,204,Good
2025-01-18 10:00:00,221,6.51,1.52,14.82,0.82,33,Good
2025-01-18 11:00:00,992,5.94,1.93,31.92,1.65,106,Poor
2025-01-18 12:00:00,895,6.46,2.4,27.33,0.46,69,Average
2025-01-18 13:00:00,221,6.75,2.53,10.56,0.86,99,Average
2025-01-18 14:00:00,315,6.86,0.83,29.91,1.53,114,Good
2025-01-18 15:00:00,1147,7.17,2.71,19.01,0.73,133,Poor
2025-01-18 16:00:00,657,8.64,4.44,29.43,1.39,255,Average
2025-01-18 17:00:00,488,8.87,3.75,11.87,1.24,255,Poor
2025-01-18 18:00:00,642,8.1,3.86,23.87,1.93,127,Average
2025-01-18 19:00:00,1170,8.37,1.49,31.02,0.54,245,Poor
2025-01-18 20:00:00,1037,8.18,1.23,31.2,1.81,88,Poor
2025-01-18 21:00:00,507,5.93,1.32,37.55,1.54,151,Poor
2025-01-18 22:00:00,1133,6.65,2.26,16.23,1.47,128,Poor
2025-01-18 23:00:00,686,7.48,2.8,37.71,1.12,192,Average
2025-01-19 00:00:00,703,8.26,1.6,24.75,1.14,214,Average
2025-01-19 01:00:00,374,7.18,1.09,31.46,1.88,7,Good
2025-01-19 02:00:00,510,8.67,2.17,18.83,1.62,186,Average
2025-01-19 03:00:00,1114,6.92,1.96,21.33,1.75,160,Poor
2025-01-19 04:00:00,622,8.44,1.09,22.41,1.85,264,Average
2025-01-19 05:00:00,308,8.62,4.32,39.97,1.62,9,Average
2025-01-19 06:00:00,1147,5.78,1.45,18.07,0.35,185,Poor
2025-01-19 07:00:00,777,5.82,0.59,16.58,1.29,119,Poor
2025-01-19 08:00:00,327,6.14,0.68,20.54,0.5,238,Average
2025-01-19 09:00:00,909,7.94,3.35,18.37,0.37,36,Poor
2025-01-19 10:00:00,686,6.2,3.89,34.71,0.9,165,Average
2025-01-19 11:00:00,271,5.66,1.96,35.24,1.95,253,Poor
2025-01-19 12:00:00,219,7.16,2.87,15.85,0.36,109,Average
2025-01-19 13:00:00,1181,6.12,3.96,33.07,0.36,143,Poor
2025-01-19 14:00:00,1163,7.0,3.01,34.92,1.75,249,Poor
2025-01-19 15:00:00,364,8.16,3.46,13.66,1.46,68,Average
2025-01-19 16:00:00,604,7.1,2.22,25.12,0.8,245,Average
2025-01-19 17:00:00,909,5.59,2.84,38.79,0.7,195,Poor
2025-01-19 18:00:00,249,8.69,4.85,15.56,1.87,170,Average
2025-01-19 19:00:00,831,7.06,3.92,30.85,0.34,210,Average
2025-01-19 20:00:00,1145,7.72,2.08,19.29,1.69,142,Poor
2025-01-19 21:00:00,1120,7.76,1.76,24.6,1.51,224,Poor
2025-01-19 22:00:00,656,7.77,4.64,16.06,0.43,26,Average
2025-01-19 23:00:00,687,8.53,2.43,37.95,0.76,77,Average
2025-01-20 00:00:00,350,5.71,2.99,11.6,0.75,198,Poor
2025-01-20 01:00:00,413,6.67,0.26,14.16,0.98,11,Good
2025-01-20 02:00:00,906,8.25,1.25,23.05,0.92,245,Poor
2025-01-20 03:00:00,1191,6.41,1.75,20.07,1.49,110,Poor
2025-01-20 04:00:00,304,5.79,0.58,32.24,1.89,229,Poor
2025-01-20 05:00:00,567,6.57,0.48,27.97,0.33,92,Good
2025-01-20 06:00:00,888,8.86,3.44,17.91,0.76,208,Poor
2025-01-20 07:00:00,209,6.12,2.42,13.31,1.05,73,Average
2025-01-20 08:00:00,238,8.09,3.87,25.41,0.92,61,Average
2025-01-20 09:00:00,527,8.84,3.55,20.59,0.23,34,Poor
2025-01-20 10:00:00,270,6.87,0.22,14.7,1.87,13,Good
2025-01-20 11:00:00,881,7.46,3.19,19.04,1.31,217,Average
2025-01-20 12:00:00,280,8.68,4.5,17.92,1.17,286,Average
2025-01-20 13:00:00,950,8.51,3.92,14.69,1.37,298,Poor
2025-01-20 14:00:00,844,7.1,3.68,38.37,1.4,213,Average
2025-01-20 15:00:00,963,7.38,3.15,27.84,1.37,179,Poor
2025-01-20 16:00:00,376,8.99,2.89,27.7,1.92,97,Poor
2025-01-20 17:00:00,1018,6.96,4.29,14.71,0.45,279,Poor
2025-01-20 18:00:00,1179,6.78,0.14,20.71,0.49,118,Poor
2025-01-20 19:00:00,1091,8.06,4.8,39.98,0.73,96,Poor
2025-01-20 20:00:00,1094,6.28,4.5,11.96,0.72,24,Poor
2025-01-20 21:00:00,287,5.62,0.36,25.1,1.16,14,Poor
2025-01-20 22:00:00,1194,8.16,1.47,29.07,1.49,256,Poor
2025-01-20 23:00:00,410,8.26,3.58,17.55,1.13,99,Average
2025-01-21 00:00:00,1035,5.94,3.0,20.96,0.78,61,Poor
2025-01-21 01:00:00,764,7.61,1.93,30.05,1.84,229,Average
2025-01-21 02:00:00,236,7.74,3.14,16.69,0.27,274,Average
2025-01-21 03:00:00,698,5.55,0.7,13.52,1.43,20,Poor
2025-01-21 04:00:00,557,5.5,4.34,21.64,0.76,26,Poor
2025-01-21 05:00:00,792,6.22,4.22,18.57,0.48,178,Average
2025-01-21 06:00:00,645,8.63,2.61,24.4,1.11,161,Average
2025-01-21 07:00:00,841,6.51,4.54,39.55,1.84,34,Average
2025-01-21 08:00:00,368,6.6,4.03,35.53,0.29,42,Average
2025-01-21 09:00:00,289,6.19,3.03,20.54,0.9,298,Average
2025-01-21 10:00:00,581,7.11,4.12,35.12,1.99,221,Average
2025-01-21 11:00:00,851,5.9,1.46,32.57,1.85,216,Poor
2025-01-21 12:00:00,712,8.29,1.67,30.28,1.89,119,Average
2025-01-21 13:00:00,327,6.68,0.4,33.35,0.73,260,Good
2025-01-21 14:00:00,592,5.69,3.7,10.36,0.47,26,Poor
2025-01-21 15:00:00,318,7.0,2.03,29.38,0.81,169,Average
2025-01-21 16:00:00,676,8.15,3.3,24.8,1.88,56,Average
2025-01-21 17:00:00,595,8.0,2.22,19.47,1.93,102,Average
2025-01-21 18:00:00,583,7.49,4.01,21.73,0.86,126,Average
2025-01-21 19:00:00,787,7.55,2.68,36.97,1.43,115,Average
2025-01-21 20:00:00,1161,6.98,1.81,24.32,0.77,29,Poor
2025-01-21 21:00:00,802,5.56,4.7,18.41,0.41,194,Poor
2025-01-21 22:00:00,250,8.41,0.51,18.56,0.98,102,Good
2025-01-21 23:00:00,341,7.24,4.85,15.9,1.39,237,Average
2025-01-22 00:00:00,772,5.84,3.16,29.73,1.88,141,Poor
2025-01-22 01:00:00,1107,5.59,1.57,35.14,1.65,260,Poor
2025-01-22 02:00:00,726,6.1,0.6,26.88,1.08,81,Average
2025-01-22 03:00:00,765,8.52,2.5,10.55,1.35,179,Average
2025-01-22 04:00:00,689,6.58,3.32,17.49,1.3,202,Average
2025-01-22 05:00:00,774,8.12,4.65,14.62,1.35,85,Average
2025-01-22 06:00:00,1176,8.99,3.67,32.02,1.78,286,Poor
2025-01-22 07:00:00,412,7.39,3.47,33.29,0.69,290,Average
2025-01-22 08:00:00,438,7.43,1.82,26.41,0.54,121,Good
2025-01-22 09:00:00,533,6.55,1.19,32.5,1.56,193,Good
2025-01-22 10:00:00,674,6.6,2.2,32.28,1.95,146,Average
2025-01-22 11:00:00,782,7.9,1.5,19.18,1.87,294,Average
2025-01-22 12:00:00,259,8.47,2.95,17.94,1.26,40,Average
2025-01-22 13:00:00,625,6.58,1.27,17.93,1.82,209,Average
2025-01-22 14:00:00,1151,8.32,3.34,29.5,0.64,13,Poor
2025-01-22 15:00:00,1099,5.69,3.97,21.64,1.14,231,Poor
2025-01-22 16:00:00,540,8.51,0.34,31.84,1.75,275,Average
2025-01-22 17:00:00,643,7.18,3.41,34.49,0.6,119,Average
2025-01-22 18:00:00,960,8.98,3.59,37.95,1.93,20,Poor
2025-01-22 19:00:00,786,8.47,1.41,33.51,0.74,163,Average
2025-01-22 20:00:00,585,5.97,0.13,33.87,1.6,194,Poor
2025-01-22 21:00:00,254,6.08,4.41,32.06,1.52,179,Average
2025-01-22 22:00:00,805,5.94,2.92,10.2,1.78,77,Poor
2025-01-22 23:00:00,886,8.15,2.25,36.32,1.85,8,Average
2025-01-23 00:00:00,1013,8.26,4.02,39.18,1.98,239,Poor
2025-01-23 01:00:00,684,5.72,4.32,23.79,0.68,4,Poor
2025-01-23 02:00:00,548,7.59,3.75,13.44,0.45,168,Average
2025-01-23 03:00:00,647,7.55,1.74,19.92,1.41,232,Average
2025-01-23 04:00:00,205,7.22,3.82,35.83,1.6,30,Average
2025-01-23 05:00:00,286,5.52,4.79,12.47,0.95,295,Poor
2025-01-23 06:00:00,1061,8.32,2.51,37.36,0.69,264,Poor
2025-01-23 07:00:00,826,6.68,2.18,32.25,1.79,262,Average
2025-01-23 08:00:00,456,5.95,2.49,15.61,0.94,25,Poor
2025-01-23 09:00:00,1009,8.07,4.3,19.04,1.52,48,Poor
2025-01-23 10:00:00,942,5.52,3.78,20.59,0.7,287,Poor
2025-01-23 11:00:00,957,6.29,0.86,24.15,1.21,191,Poor
2025-01-23 12:00:00,1055,6.21,1.61,11.39,1.34,276,Poor
2025-01-23 13:00:00,1070,6.59,4.28,20.41,1.84,30,Poor
2025-01-23 14:00:00,1025,7.47,1.95,28.81,1.96,175,Poor
2025-01-23 15:00:00,1060,8.6,0.72,32.81,0.68,64,Poor
2025-01-23 16:00:00,1193,6.64,4.79,23.09,0.23,160,Poor
2025-01-23 17:00:00,1080,5.89,3.18,20.19,0.36,62,Poor
2025-01-23 18:00:00,344,8.45,2.95,31.92,1.18,160,Average
2025-01-23 19:00:00,791,8.01,2.29,19.94,0.73,31,Average
2025-01-23 20:00:00,559,6.48,3.24,39.03,1.21,131,Average
2025-01-23 21:00:00,297,7.62,0.45,34.58,1.5,16,Good
2025-01-23 22:00:00,495,8.39,3.57,20.62,1.89,14,Average
2025-01-23 23:00:00,1175,8.74,2.73,19.12,0.34,226,Poor
2025-01-24 00:00:00,710,5.78,2.72,12.5,1.12,270,Poor
2025-01-24 01:00:00,986,7.74,1.02,18.51,1.61,300,Poor
2025-01-24 02:00:00,271,8.26,4.48,28.05,0.86,26,Average
2025-01-24 03:00:00,895,6.21,4.24,10.32,0.54,27,Average
2025-01-24 04:00:00,706,6.07,2.43,24.93,1.62,268,Average
2025-01-24 05:00:00,288,7.21,0.78,13.94,1.46,283,Good
2025-01-24 06:00:00,889,7.75,4.67,26.66,1.91,265,Average
2025-01-24 07:00:00,470,8.13,2.96,21.14,1.44,120,Average
2025-01-24 08:00:00,517,6.4,0.93,14.1,1.69,167,Average
2025-01-24 09:00:00,266,6.12,2.53,20.46,1.98,244,Average
2025-01-24 10:00:00,830,7.22,3.38,36.2,1.97,68,Average
2025-01-24 11:00:00,1093,5.95,2.99,28.58,1.99,192,Poor
2025-01-24 12:00:00,254,8.95,4.21,14.05,1.95,154,Poor
2025-01-24 13:00:00,1123,7.04,3.05,13.59,0.64,117,Poor
2025-01-24 14:00:00,1069,5.84,2.66,18.5,2.0,291,Poor
2025-01-24 15:00:00,314,7.76,1.99,38.98,0.56,24,Good
2025-01-24 16:00:00,850,6.65,2.47,21.58,0.53,176,Average
2025-01-24 17:00:00,203,5.67,3.76,35.11,1.4,171,Poor
2025-01-24 18:00:00,624,8.95,0.14,16.99,0.34,46,Poor
2025-01-24 19:00:00,780,8.72,2.41,27.79,1.28,248,Average
2025-01-24 20:00:00,399,5.87,3.29,27.05,0.98,262,Poor
2025-01-24 21:00:00,793,7.58,2.42,35.13,1.35,248,Average
2025-01-24 22:00:00,563,7.81,0.78,14.61,1.88,260,Good
2025-01-24 23:00:00,619,6.13,3.74,14.88,1.19,254,Average
2025-01-25 00:00:00,536,6.43,1.62,36.7,1.69,91,Average
2025-01-25 01:00:00,449,7.12,0.26,15.11,0.81,26,Good
2025-01-25 02:00:00,940,6.56,3.14,32.85,0.56,80,Poor
2025-01-25 03:00:00,590,7.23,3.59,32.59,0.3,127,Average
2025-01-25 04:00:00,853,8.23,2.99,30.14,1.29,296,Average
2025-01-25 05:00:00,297,6.52,3.02,38.53,1.76,163,Average
2025-01-25 06:00:00,948,7.65,0.24,19.37,1.89,141,Poor
2025-01-25 07:00:00,300,5.87,0.92,13.24,1.7,260,Poor
2025-01-25 08:00:00,294,5.67,0.56,33.45,2.0,100,Poor
2025-01-25 09:00:00,533,5.76,3.34,11.67,0.92,164,Poor
2025-01-25 10:00:00,990,7.26,2.37,13.28,1.24,236,Poor
2025-01-25 11:00:00,873,7.73,4.22,16.19,0.93,2,Average
2025-01-25 12:00:00,305,6.56,2.07,31.1,0.61,98,Average
2025-01-25 13:00:00,276,5.6,1.3,10.53,0.2,96,Poor
2025-01-25 14:00:00,1080,6.69,2.79,21.22,1.44,176,Poor
2025-01-25 15:00:00,1177,8.1,3.48,29.76,1.71,55,Poor
2025-01-25 16:00:00,510,8.18,4.29,39.51,0.9,166,Average
2025-01-25 17:00:00,1108,7.5,1.68,31.46,1.2,215,Poor
2025-01-25 18:00:00,821,7.05,0.77,30.37,0.68,142,Average
2025-01-25 19:00:00,467,8.66,4.13,27.85,1.37,279,Average
2025-01-25 20:00:00,711,8.35,4.75,26.99,0.77,89,Average
2025-01-25 21:00:00,1169,8.06,1.44,33.9,0.37,159,Poor
2025-01-25 22:00:00,372,5.55,0.61,11.23,0.22,125,Poor
2025-01-25 23:00:00,558,8.51,1.9,24.54,1.62,232,Average
2025-01-26 00:00:00,306,5.89,0.57,18.4,1.38,59,Poor
2025-01-26 01:00:00,686,6.79,1.63,21.7,0.42,5,Average
2025-01-26 02:00:00,411,7.13,4.2,11.7,1.8,160,Average
2025-01-26 03:00:00,1195,8.13,2.23,16.78,1.76,136,Poor
2025-01-26 04:00:00,815,6.81,0.14,18.88,0.44,57,Average
2025-01-26 05:00:00,916,7.17,1.62,28.26,0.71,141,Poor
2025-01-26 06:00:00,1100,7.88,3.25,29.54,0.36,132,Poor
2025-01-26 07:00:00,501,7.01,4.74,15.67,0.94,180,Average
2025-01-26 08:00:00,413,7.48,2.12,12.39,0.57,121,Average
2025-01-26 09:00:00,1064,6.35,2.2,37.01,1.99,99,Poor
2025-01-26 10:00:00,476,8.06,2.24,31.97,1.8,297,Average
2025-01-26 11:00:00,398,5.98,4.29,30.68,1.98,111,Poor
2025-01-26 12:00:00,451,6.11,3.48,39.72,1.03,19,Average
2025-01-26 13:00:00,1172,7.46,3.26,32.18,1.73,242,Poor
2025-01-26 14:00:00,822,7.06,4.69,13.59,1.87,99,Average
2025-01-26 15:00:00,699,8.24,2.8,15.1,0.44,34,Average
2025-01-26 16:00:00,779,5.73,3.22,27.42,1.91,142,Poor
2025-01-26 17:00:00,673,6.95,1.14,28.91,0.83,209,Average
2025-01-26 18:00:00,1178,6.28,3.33,26.71,1.43,260,Poor
2025-01-26 19:00:00,837,7.78,1.07,19.32,0.25,196,Average
2025-01-26 20:00:00,650,7.21,2.93,12.28,1.83,101,Average
2025-01-26 21:00:00,747,7.81,0.21,14.36,1.0,278,Average
2025-01-26 22:00:00,711,6.52,3.85,31.99,0.7,44,Average
2025-01-26 23:00:00,828,8.26,2.22,29.41,1.6,73,Average
2025-01-27 00:00:00,1181,5.53,2.94,14.24,1.46,106,Poor
2025-01-27 01:00:00,484,5.59,2.52,12.92,0.37,281,Poor
2025-01-27 02:00:00,762,8.59,4.29,32.27,1.07,198,Average
2025-01-27 03:00:00,1121,8.38,1.18,25.44,1.92,250,Poor
2025-01-27 04:00:00,596,6.54,3.52,21.48,0.47,1,Average
2025-01-27 05:00:00,461,6.68,4.93,15.36,0.65,221,Average
2025-01-27 06:00:00,868,8.41,1.31,37.59,1.63,160,Average
2025-01-27 07:00:00,974,6.89,2.31,28.17,0.62,123,Poor
2025-01-27 08:00:00,606,7.59,3.77,11.31,1.16,2,Average
2025-01-27 09:00:00,994,7.88,2.3,18.56,0.47,25,Poor
2025-01-27 10:00:00,665,6.21,1.92,37.2,1.82,189,Average
2025-01-27 11:00:00,1156,8.05,3.41,28.2,0.53,128,Poor
2025-01-27 12:00:00,528,7.23,3.7,39.92,1.12,139,Average
2025-01-27 13:00:00,438,7.68,4.56,17.35,1.88,194,Average
2025-01-27 14:00:00,759,8.68,2.79,23.77,1.51,78,Average
2025-01-27 15:00:00,1070,6.96,2.06,30.03,1.2,197,Poor
2025-01-27 16:00:00,275,8.14,1.86,26.24,0.95,275,Good
2025-01-27 17:00:00,375,6.41,1.13,10.22,1.21,123,Average
2025-01-27 18:00:00,237,5.76,0.86,28.65,1.17,124,Poor
2025-01-27 19:00:00,519,6.34,4.7,36.76,1.73,21,Average
2025-01-27 20:00:00,1033,5.81,3.61,21.09,1.31,185,Poor
2025-01-27 21:00:00,460,6.75,0.8,14.17,0.72,165,Good
2025-01-27 22:00:00,681,6.82,0.62,31.32,1.01,75,Average
2025-01-27 23:00:00,203,7.71,0.16,31.35,1.84,277,Good
2025-01-28 00:00:00,364,5.99,4.66,25.5,1.21,56,Poor
2025-01-28 01:00:00,1052,7.44,0.75,22.28,1.6,157,Poor
2025-01-28 02:00:00,331,8.64,2.17,10.66,1.3,130,Average
2025-01-28 03:00:00,241,7.83,1.59,29.96,1.88,239,Good
2025-01-28 04:00:00,722,6.07,4.84,10.51,0.78,235,Average
2025-01-28 05:00:00,1017,7.69,2.79,16.57,1.39,226,Poor
2025-01-28 06:00:00,283,5.64,1.2,16.46,1.83,185,Poor
2025-01-28 07:00:00,973,7.76,1.86,26.22,0.54,168,Poor
2025-01-28 08:00:00,1106,6.41,2.09,23.23,1.76,131,Poor
2025-01-28 09:00:00,411,6.09,2.93,35.46,1.72,75,Average
2025-01-28 10:00:00,299,6.14,4.64,27.52,0.58,151,Average
2025-01-28 11:00:00,1024,8.86,1.28,11.37,1.73,271,Poor
2025-01-28 12:00:00,738,6.84,1.04,15.89,0.87,204,Average
2025-01-28 13:00:00,290,7.45,3.36,29.37,1.45,71,Average
2025-01-28 14:00:00,844,7.15,3.22,12.0,1.35,200,Average
2025-01-28 15:00:00,638,6.15,1.74,30.0,1.85,80,Average
2025-01-28 16:00:00,1080,8.13,4.54,26.88,1.34,17,Poor
2025-01-28 17:00:00,606,7.58,2.84,26.08,0.72,268,Average
2025-01-28 18:00:00,434,8.67,1.54,10.77,0.5,285,Average
2025-01-28 19:00:00,838,8.97,1.01,38.09,0.82,101,Poor
2025-01-28 20:00:00,814,7.61,3.1,23.5,1.91,196,Average
2025-01-28 21:00:00,233,6.13,2.22,15.63,0.45,247,Average
2025-01-28 22:00:00,403,5.97,3.92,34.07,0.36,230,Poor
2025-01-28 23:00:00,267,8.75,4.94,33.48,1.64,207,Average
2025-01-29 00:00:00,1085,6.73,4.86,35.57,0.59,199,Poor
2025-01-29 01:00:00,581,7.57,0.92,31.06,0.78,29,Good
2025-01-29 02:00:00,951,6.65,2.94,11.55,1.51,32,Poor
2025-01-29 03:00:00,454,7.69,0.4,36.02,1.55,166,Good
2025-01-29 04:00:00,534,6.76,1.02,32.07,0.6,217,Good
2025-01-29 05:00:00,468,7.04,1.02,31.53,1.91,178,Good
2025-01-29 06:00:00,415,6.3,0.42,15.88,1.11,234,Average
2025-01-29 07:00:00,800,7.35,1.81,26.01,1.55,52,Average
2025-01-29 08:00:00,1057,8.55,3.22,18.06,1.44,27,Poor
2025-01-29 09:00:00,748,6.78,0.24,33.92,0.79,84,Average
2025-01-29 10:00:00,1006,7.46,2.81,20.18,0.34,106,Poor
2025-01-29 11:00:00,823,8.79,2.89,21.96,1.78,70,Average
2025-01-29 12:00:00,459,7.99,3.01,22.4,1.63,5,Average
2025-01-29 13:00:00,1139,5.99,0.67,37.39,0.23,294,Poor
2025-01-29 14:00:00,402,7.32,0.55,21.25,0.45,296,Good
2025-01-29 15:00:00,409,6.56,3.48,17.74,0.4,146,Average
2025-01-29 16:00:00,1065,6.5,3.0,21.23,1.81,35,Poor
2025-01-29 17:00:00,1016,5.61,2.27,37.61,0.72,75,Poor
2025-01-29 18:00:00,791,8.86,2.14,16.09,0.59,274,Poor
2025-01-29 19:00:00,1128,6.5,3.9,17.41,1.97,223,Poor
2025-01-29 20:00:00,554,7.26,4.64,35.77,0.99,46,Average
2025-01-29 21:00:00,610,7.79,3.71,28.84,1.85,78,Average
2025-01-29 22:00:00,718,7.68,2.03,18.1,1.08,232,Average
2025-01-29 23:00:00,993,5.81,1.06,28.54,0.89,157,Poor
2025-01-30 00:00:00,957,8.76,1.57,29.9,0.69,286,Poor
2025-01-30 01:00:00,508,8.19,2.15,15.31,1.62,200,Average
2025-01-30 02:00:00,412,5.65,3.35,24.47,1.01,139,Poor
2025-01-30 03:00:00,338,7.76,0.46,18.47,0.82,234,Good
2025-01-30 04:00:00,856,6.28,2.0,13.61,0.79,200,Average
2025-01-30 05:00:00,736,7.05,3.01,11.46,0.24,234,Average
2025-01-30 06:00:00,570,5.85,4.55,19.21,1.46,157,Poor
2025-01-30 07:00:00,898,8.35,2.36,27.64,0.37,183,Average
2025-01-30 08:00:00,808,6.65,4.24,39.47,0.76,14,Average
2025-01-30 09:00:00,588,6.23,1.88,22.1,1.18,180,Average
2025-01-30 10:00:00,764,8.28,2.43,27.44,1.2,252,Average
2025-01-30 11:00:00,423,6.08,2.04,35.4,0.85,20,Average
2025-01-30 12:00:00,753,7.54,2.19,32.31,0.55,91,Average
2025-01-30 13:00:00,989,7.98,3.97,34.7,0.95,269,Poor
2025-01-30 14:00:00,296,6.38,2.94,12.04,0.37,87,Average
2025-01-30 15:00:00,806,6.17,4.15,28.49,0.7,136,Average
2025-01-30 16:00:00,806,7.45,4.84,38.59,0.33,51,Average
2025-01-30 17:00:00,1119,7.64,1.83,20.54,0.66,139,Poor
2025-01-30 18:00:00,973,7.76,2.71,25.84,1.6,8,Poor
2025-01-30 19:00:00,636,6.05,3.57,28.39,0.39,145,Average
2025-01-30 20:00:00,586,6.66,0.51,38.39,1.17,141,Good
2025-01-30 21:00:00,494,6.81,3.34,21.29,0.23,241,Average
2025-01-30 22:00:00,760,8.24,3.08,12.32,1.99,164,Average
2025-01-30 23:00:00,809,7.33,4.14,27.35,1.44,168,Average
2025-01-31 00:00:00,928,8.67,2.55,16.7,0.72,100,Poor
2025-01-31 01:00:00,726,5.68,3.43,30.19,1.43,245,Poor
2025-01-31 02:00:00,688,7.44,4.25,11.91,0.84,35,Average
2025-01-31 03:00:00,519,6.42,3.78,32.75,1.72,106,Average
2025-01-31 04:00:00,623,6.08,2.81,21.83,0.84,48,Average
2025-01-31 05:00:00,232,8.76,3.05,25.83,1.97,240,Average
2025-01-31 06:00:00,792,7.86,1.38,35.15,0.22,127,Average
2025-01-31 07:00:00,276,5.53,4.65,25.06,0.71,172,Poor
2025-01-31 08:00:00,753,5.8,3.06,17.82,0.61,299,Poor
2025-01-31 09:00:00,798,7.4,2.27,33.62,0.4,179,Average
2025-01-31 10:00:00,631,8.78,0.79,28.59,1.56,296,Average
2025-01-31 11:00:00,534,8.18,0.64,37.07,1.23,247,Good
2025-01-31 12:00:00,291,8.98,0.8,37.63,1.86,119,Poor
2025-01-31 13:00:00,264,8.29,0.81,24.92,1.74,115,Good
2025-01-31 14:00:00,731,7.65,2.46,17.89,0.71,209,Average
2025-01-31 15:00:00,681,6.21,3.57,11.06,1.14,165,Average
2025-01-31 16:00:00,509,5.94,1.33,24.76,0.86,125,Poor
2025-01-31 17:00:00,635,7.2,0.94,36.51,1.24,126,Average
2025-01-31 18:00:00,752,6.05,4.04,24.29,1.31,178,Average
2025-01-31 19:00:00,721,6.79,4.8,13.6,1.41,150,Average
2025-01-31 20:00:00,379,6.14,4.18,37.59,0.5,22,Average
2025-01-31 21:00:00,918,7.83,2.1,11.36,0.96,257,Poor
2025-01-31 22:00:00,1167,5.8,3.13,32.97,1.27,271,Poor
2025-01-31 23:00:00,299,8.84,1.13,17.57,1.22,130,Poor
2025-02-01 00:00:00,214,7.51,4.47,32.01,1.84,73,Average
2025-02-01 01:00:00,678,8.33,0.57,30.69,1.2,260,Average
2025-02-01 02:00:00,1069,7.78,3.53,10.21,0.7,36,Poor
2025-02-01 03:00:00,259,6.78,0.25,24.7,0.93,134,Good
2025-02-01 04:00:00,1003,8.04,4.37,17.03,1.23,209,Poor
2025-02-01 05:00:00,1040,7.65,1.8,23.88,1.81,102,Poor
2025-02-01 06:00:00,528,7.81,0.58,19.22,1.31,226,Good
2025-02-01 07:00:00,831,8.54,3.12,39.99,1.27,169,Average
2025-02-01 08:00:00,893,6.23,2.21,39.45,1.29,46,Average
2025-02-01 09:00:00,362,7.97,1.06,14.89,0.41,285,Good
2025-02-01 10:00:00,435,8.33,1.7,37.81,1.7,297,Good
2025-02-01 11:00:00,941,7.33,4.06,32.89,0.69,18,Poor
2025-02-01 12:00:00,951,6.2,0.48,23.33,0.43,54,Poor
2025-02-01 13:00:00,719,8.09,1.3,31.2,1.04,211,Average
2025-02-01 14:00:00,843,7.48,0.23,33.18,1.74,50,Average
2025-02-01 15:00:00,638,8.48,3.2,36.21,0.29,25,Average
2025-02-01 16:00:00,779,6.46,2.66,36.03,1.86,169,Average
2025-02-01 17:00:00,1044,8.6,1.68,26.91,0.45,231,Poor
2025-02-01 18:00:00,335,8.47,4.33,36.93,1.56,102,Average
2025-02-01 19:00:00,684,6.61,4.79,23.46,0.48,24,Average
2025-02-01 20:00:00,380,5.81,0.12,30.61,0.41,116,Poor
2025-02-01 21:00:00,1116,8.38,0.66,21.73,1.81,178,Poor
2025-02-01 22:00:00,609,7.46,3.16,39.53,1.38,46,Average
2025-02-01 23:00:00,698,8.1,2.55,10.59,1.4,85,Average
2025-02-02 00:00:00,902,6.39,2.28,19.48,1.0,175,Poor
2025-02-02 01:00:00,1000,6.73,1.1,24.33,1.12,244,Poor
2025-02-02 02:00:00,492,5.7,4.34,22.15,1.82,112,Poor
2025-02-02 03:00:00,950,8.31,1.14,18.83,1.26,67,Poor
2025-02-02 04:00:00,424,5.71,2.13,13.83,1.23,14,Poor
2025-02-02 05:00:00,962,6.33,4.13,32.83,1.56,171,Poor
2025-02-02 06:00:00,386,6.24,4.96,37.41,1.21,86,Average
2025-02-02 07:00:00,888,8.28,2.17,18.07,1.83,55,Average
2025-02-02 08:00:00,1101,6.82,4.75,10.0,0.78,59,Poor
2025-02-02 09:00:00,872,7.31,1.01,33.56,0.94,300,Average
2025-02-02 10:00:00,213,6.99,2.61,18.87,1.08,152,Average
2025-02-02 11:00:00,884,6.09,2.88,11.53,1.0,11,Average
2025-02-02 12:00:00,459,6.66,0.8,17.14,1.1,49,Good
2025-02-02 13:00:00,271,6.68,4.18,32.94,1.24,152,Average
2025-02-02 14:00:00,1078,6.59,3.39,11.99,1.07,15,Poor
2025-02-02 15:00:00,271,6.15,1.06,33.55,1.6,192,Average
2025-02-02 16:00:00,821,5.93,0.57,23.83,1.94,184,Poor
2025-02-02 17:00:00,223,7.67,3.83,14.96,0.37,23,Average
2025-02-02 18:00:00,980,8.01,4.52,25.37,1.77,263,Poor
2025-02-02 19:00:00,311,5.9,2.69,12.95,1.45,284,Poor
2025-02-02 20:00:00,546,6.45,3.52,14.66,0.66,195,Average
2025-02-02 21:00:00,1189,7.94,4.64,30.99,1.81,163,Poor
2025-02-02 22:00:00,479,7.79,1.9,18.49,0.58,71,Good
2025-02-02 23:00:00,737,6.32,1.77,21.44,0.86,87,Average
2025-02-03 00:00:00,356,7.18,2.33,33.6,0.64,100,Average
2025-02-03 01:00:00,453,8.93,1.93,26.18,0.97,104,Poor
2025-02-03 02:00:00,313,6.25,4.53,31.56,1.76,241,Average
2025-02-03 03:00:00,456,8.09,2.24,39.89,1.17,211,Average
2025-02-03 04:00:00,508,6.08,3.87,35.04,1.19,191,Average
2025-02-03 05:00:00,732,5.86,1.02,25.86,1.99,294,Poor
2025-02-03 06:00:00,712,6.04,3.35,38.16,1.69,252,Average
2025-02-03 07:00:00,900,7.43,1.82,23.76,1.4,88,Poor
2025-02-03 08:00:00,951,7.0,4.74,29.97,1.24,110,Poor
2025-02-03 09:00:00,679,8.97,4.97,21.21,1.39,192,Poor
2025-02-03 10:00:00,1062,7.61,4.66,23.39,0.54,48,Poor
2025-02-03 11:00:00,940,5.6,1.26,18.54,1.09,45,Poor
2025-02-03 12:00:00,882,6.65,2.87,27.11,1.45,257,Average
2025-02-03 13:00:00,619,7.44,0.88,20.52,1.98,70,Average
2025-02-03 14:00:00,450,5.55,3.7,17.99,1.35,281,Poor
2025-02-03 15:00:00,209,7.7,1.67,20.45,1.38,141,Good
2025-02-03 16:00:00,718,6.59,2.92,26.87,0.92,54,Average
2025-02-03 17:00:00,904,7.27,3.56,38.88,0.6,127,Poor
2025-02-03 18:00:00,233,6.38,4.47,16.12,1.2,292,Average
2025-02-03 19:00:00,661,6.83,1.05,25.49,0.86,244,Average
2025-02-03 20:00:00,1191,8.11,2.81,21.54,0.55,42,Poor
2025-02-03 21:00:00,842,6.67,2.98,32.23,1.98,161,Average
2025-02-03 22:00:00,462,8.12,4.97,10.52,1.32,283,Average
2025-02-03 23:00:00,261,6.02,3.25,13.57,1.98,265,Average
2025-02-04 00:00:00,1000,7.91,3.06,38.46,0.78,0,Poor
2025-02-04 01:00:00,560,5.61,0.85,33.27,0.88,138,Poor
2025-02-04 02:00:00,493,5.76,4.45,13.72,1.25,84,Poor
2025-02-04 03:00:00,592,7.35,1.42,14.29,0.25,104,Good
2025-02-04 04:00:00,1035,6.76,2.08,20.12,0.72,103,Poor
2025-02-04 05:00:00,215,7.39,4.79,23.78,0.44,37,Average
2025-02-04 06:00:00,1041,7.13,2.41,33.72,1.38,24,Poor
2025-02-04 07:00:00,1072,8.87,4.85,36.5,1.27,138,Poor
2025-02-04 08:00:00,301,7.54,2.95,19.08,0.59,179,Average
2025-02-04 09:00:00,1117,6.1,2.84,35.37,1.41,35,Poor
2025-02-04 10:00:00,959,5.75,3.72,12.78,1.63,266,Poor
2025-02-04 11:00:00,906,7.41,2.92,39.42,0.97,189,Poor
2025-02-04 12:00:00,348,8.35,1.22,32.27,0.45,127,Good
2025-02-04 13:00:00,398,6.52,1.98,32.47,0.27,161,Good
2025-02-04 14:00:00,1188,7.63,1.34,36.09,0.54,58,Poor
2025-02-04 15:00:00,571,7.59,2.06,23.25,1.93,134,Average
2025-02-04 16:00:00,729,7.48,2.32,32.34,1.33,52,Average
2025-02-04 17:00:00,503,8.85,0.24,18.08,0.41,269,Poor
2025-02-04 18:00:00,1056,8.61,4.9,16.86,1.25,70,Poor
2025-02-04 19:00:00,1188,6.3,4.05,30.64,1.93,210,Poor
2025-02-04 20:00:00,597,8.17,2.42,13.44,0.24,134,Average
2025-02-04 21:00:00,448,6.23,3.64,27.46,0.68,20,Average
2025-02-04 22:00:00,964,7.17,0.2,24.07,1.93,19,Poor
2025-02-04 23:00:00,460,7.53,4.41,21.89,1.47,15,Average
2025-02-05 00:00:00,416,9.0,3.88,13.84,0.4,245,Poor
2025-02-05 01:00:00,949,7.52,1.85,32.31,0.38,132,Poor
2025-02-05 02:00:00,821,7.81,0.41,11.54,1.33,80,Average
2025-02-05 03:00:00,741,6.05,0.93,36.84,1.23,293,Average
2025-02-05 04:00:00,628,8.86,4.93,16.95,0.72,147,Poor
2025-02-05 05:00:00,681,6.44,4.22,29.91,1.39,114,Average
2025-02-05 06:00:00,1124,6.67,3.08,24.88,0.39,219,Poor
2025-02-05 07:00:00,1163,6.82,0.39,10.58,1.48,93,Poor
2025-02-05 08:00:00,691,8.65,0.86,23.02,1.48,34,Average
2025-02-05 09:00:00,431,5.88,1.88,29.47,1.43,210,Poor
2025-02-05 10:00:00,1174,6.68,0.65,13.91,0.79,181,Poor
2025-02-05 11:00:00,441,8.12,1.53,19.69,0.46,186,Good
2025-02-05 12:00:00,501,8.52,0.27,15.35,1.28,261,Average
2025-02-05 13:00:00,1087,7.77,2.56,27.44,0.27,25,Poor
2025-02-05 14:00:00,933,8.91,3.34,31.56,1.77,292,Poor
2025-02-05 15:00:00,671,7.25,1.82,25.56,0.57,256,Average
2025-02-05 16:00:00,1019,7.59,1.76,19.31,0.86,60,Poor
2025-02-05 17:00:00,1066,7.69,3.67,10.29,0.23,271,Poor
2025-02-05 18:00:00,468,6.16,3.56,12.24,1.0,69,Average
2025-02-05 19:00:00,274,7.47,1.74,38.75,1.7,278,Good
2025-02-05 20:00:00,466,6.22,4.81,38.88,1.41,283,Average
2025-02-05 21:00:00,612,8.62,3.67,26.28,1.52,214,Average
2025-02-05 22:00:00,423,8.55,4.97,28.31,1.91,244,Average
2025-02-05 23:00:00,1097,8.79,1.22,34.83,0.3,53,Poor
2025-02-06 00:00:00,449,8.87,2.34,17.12,0.69,144,Poor
2025-02-06 01:00:00,1186,8.4,4.09,11.68,0.86,150,Poor
2025-02-06 02:00:00,728,7.21,3.9,25.59,0.21,18,Average
2025-02-06 03:00:00,604,8.62,1.41,39.67,1.47,70,Average
2025-02-06 04:00:00,355,8.79,0.92,26.46,1.76,185,Average
2025-02-06 05:00:00,856,6.63,1.19,36.66,1.2,93,Average
2025-02-06 06:00:00,660,7.74,2.01,25.13,1.12,37,Average
2025-02-06 07:00:00,919,7.09,2.8,39.34,0.22,257,Poor
2025-02-06 08:00:00,977,6.0,1.65,25.64,0.36,168,Poor
2025-02-06 09:00:00,469,6.07,4.09,26.68,1.44,42,Average
2025-02-06 10:00:00,848,7.36,3.7,33.54,0.24,74,Average
2025-02-06 11:00:00,408,6.98,3.88,30.42,1.17,241,Average
2025-02-06 12:00:00,458,7.2,1.84,19.41,1.4,116,Good
2025-02-06 13:00:00,902,6.36,2.1,13.42,0.89,128,Poor
2025-02-06 14:00:00,458,6.12,2.43,32.37,0.76,277,Average
2025-02-06 15:00:00,259,8.99,4.64,11.92,1.93,243,Poor
2025-02-06 16:00:00,333,7.65,2.88,21.01,1.21,54,Average
2025-02-06 17:00:00,1066,7.45,3.61,28.51,0.72,33,Poor
2025-02-06 18:00:00,739,8.43,3.02,34.85,1.9,272,Average
2025-02-06 19:00:00,953,5.9,3.52,19.16,0.95,252,Poor
2025-02-06 20:00:00,879,6.2,2.49,27.43,0.34,243,Average
2025-02-06 21:00:00,894,8.65,1.27,12.39,0.3,100,Average
2025-02-06 22:00:00,699,6.16,4.25,11.02,0.67,96,Average
2025-02-06 23:00:00,968,7.44,3.84,13.91,1.64,118,Poor
2025-02-07 00:00:00,871,8.4,2.86,21.98,0.42,131,Average
2025-02-07 01:00:00,1141,7.27,2.46,15.49,1.51,134,Poor
2025-02-07 02:00:00,308,8.64,0.95,38.59,0.79,105,Average
2025-02-07 03:00:00,208,7.42,2.78,23.47,0.22,99,Average
2025-02-07 04:00:00,243,7.55,0.36,35.24,0.92,201,Good
2025-02-07 05:00:00,759,7.74,1.39,13.82,0.23,273,Average
2025-02-07 06:00:00,284,6.69,1.09,15.98,1.95,12,Good
2025-02-07 07:00:00,672,5.72,3.47,23.62,1.54,293,Poor
2025-02-07 08:00:00,358,6.22,4.09,13.53,1.57,230,Average
2025-02-07 09:00:00,1129,7.52,0.81,16.87,0.86,219,Poor
2025-02-07 10:00:00,1124,7.97,2.29,31.25,0.56,19,Poor
2025-02-07 11:00:00,396,6.01,2.98,14.99,0.27,202,Average
2025-02-07 12:00:00,976,7.31,3.28,31.78,1.3,249,Poor
2025-02-07 13:00:00,246,8.09,2.67,20.02,0.58,249,Average
2025-02-07 14:00:00,574,6.09,2.61,31.3,0.58,21,Average
2025-02-07 15:00:00,240,6.85,3.32,36.87,1.25,172,Average
2025-02-07 16:00:00,942,6.05,3.63,18.68,0.37,215,Poor
2025-02-07 17:00:00,482,7.6,1.36,14.96,1.1,100,Good
2025-02-07 18:00:00,1074,7.56,2.0,10.99,1.34,0,Poor
2025-02-07 19:00:00,435,8.82,1.12,20.88,0.61,180,Poor
2025-02-07 20:00:00,870,7.47,4.24,25.93,1.81,110,Average
2025-02-07 21:00:00,973,7.27,3.92,22.94,1.82,126,Poor
2025-02-07 22:00:00,211,7.9,2.76,17.33,0.23,294,Average
2025-02-07 23:00:00,357,7.11,2.84,38.71,0.38,136,Average
2025-02-08 00:00:00,1073,6.22,4.2,20.15,1.27,65,Poor
2025-02-08 01:00:00,429,5.59,4.26,17.02,0.86,227,Poor
2025-02-08 02:00:00,1041,6.87,1.2,14.23,1.59,220,Poor
2025-02-08 03:00:00,992,8.68,0.68,28.5,1.81,253,Poor
2025-02-08 04:00:00,859,8.26,1.81,20.18,0.58,210,Average
2025-02-08 05:00:00,212,7.86,2.92,21.6,0.92,112,Average
2025-02-08 06:00:00,435,5.93,1.87,21.24,0.28,240,Poor
2025-02-08 07:00:00,484,7.2,3.11,35.74,1.19,236,Average
2025-02-08 08:00:00,218,7.23,4.63,30.47,0.37,271,Average
2025-02-08 09:00:00,337,6.79,1.08,31.89,0.23,12,Good
2025-02-08 10:00:00,582,7.97,0.68,38.81,1.75,45,Good
2025-02-08 11:00:00,1115,7.45,2.79,37.14,0.89,203,Poor
2025-02-08 12:00:00,462,5.75,4.62,33.82,0.37,5,Poor
2025-02-08 13:00:00,764,6.57,0.8,15.13,1.22,235,Average
2025-02-08 14:00:00,924,5.96,2.46,36.44,1.34,247,Poor
2025-02-08 15:00:00,617,5.58,3.87,11.13,0.26,9,Poor
2025-02-08 16:00:00,848,8.49,3.33,27.7,0.29,203,Average
2025-02-08 17:00:00,1036,8.07,3.57,38.89,1.8,174,Poor
2025-02-08 18:00:00,1198,5.87,1.26,23.3,1.71,206,Poor
2025-02-08 19:00:00,287,7.93,0.53,27.52,1.57,49,Good
2025-02-08 20:00:00,595,8.75,1.69,16.67,0.2,25,Average
2025-02-08 21:00:00,1054,5.66,0.83,38.36,1.81,133,Poor
2025-02-08 22:00:00,1038,7.68,1.83,26.07,0.7,10,Poor
2025-02-08 23:00:00,605,8.84,4.85,28.33,0.97,258,Poor
2025-02-09 00:00:00,343,5.55,1.93,32.82,0.94,15,Poor
2025-02-09 01:00:00,290,7.0,1.49,23.78,0.51,205,Good
2025-02-09 02:00:00,1000,5.63,2.21,29.09,1.06,31,Poor
2025-02-09 03:00:00,707,6.45,1.32,15.48,1.74,278,Average
2025-02-09 04:00:00,949,5.72,2.68,31.72,1.46,167,Poor
2025-02-09 05:00:00,336,8.58,2.91,20.68,0.26,264,Average
2025-02-09 06:00:00,455,5.71,2.23,18.53,1.07,262,Poor
2025-02-09 07:00:00,551,5.71,4.65,16.05,0.42,207,Poor
2025-02-09 08:00:00,414,7.24,1.39,29.68,0.95,183,Good
2025-02-09 09:00:00,250,6.38,0.83,15.74,0.85,9,Average
2025-02-09 10:00:00,221,5.91,1.8,10.35,0.35,239,Poor
2025-02-09 11:00:00,798,5.99,2.27,16.99,0.4,170,Poor
2025-02-09 12:00:00,674,7.83,4.45,39.63,0.36,7,Average
2025-02-09 13:00:00,1010,6.84,2.29,22.69,1.14,188,Poor
2025-02-09 14:00:00,565,7.09,3.44,10.22,1.93,125,Average
2025-02-09 15:00:00,824,8.71,0.86,12.57,0.47,92,Average
2025-02-09 16:00:00,862,8.5,0.75,20.66,1.71,245,Average
2025-02-09 17:00:00,455,7.07,1.72,14.58,1.0,200,Good
2025-02-09 18:00:00,979,6.58,1.28,21.28,0.48,96,Poor
2025-02-09 19:00:00,507,8.15,1.28,29.83,1.68,228,Good
2025-02-09 20:00:00,1030,8.37,0.17,34.21,1.73,146,Poor
2025-02-09 21:00:00,1091,6.64,4.14,32.07,1.53,222,Poor
2025-02-09 22:00:00,1029,6.21,4.99,29.88,0.88,83,Poor
2025-02-09 23:00:00,949,7.91,4.27,25.24,1.05,105,Poor
2025-02-10 00:00:00,263,7.12,1.78,10.43,0.22,185,Good
2025-02-10 01:00:00,1154,7.91,2.78,29.67,0.22,176,Poor
2025-02-10 02:00:00,862,6.72,2.08,15.23,0.66,295,Average
2025-02-10 03:00:00,781,5.68,2.27,36.79,0.21,156,Poor
2025-02-10 04:00:00,495,7.63,2.91,15.03,0.95,268,Average
2025-02-10 05:00:00,303,5.94,2.31,27.01,1.51,81,Poor
2025-02-10 06:00:00,799,6.53,0.86,11.37,0.75,205,Average
2025-02-10 07:00:00,1096,7.39,1.12,18.45,1.56,123,Poor
2025-02-10 08:00:00,840,7.71,0.76,14.38,1.82,19,Average
2025-02-10 09:00:00,353,8.82,3.42,30.34,1.04,53,Poor
2025-02-10 10:00:00,455,5.64,2.14,17.73,1.66,3,Poor
2025-02-10 11:00:00,490,5.89,3.97,27.56,0.72,196,Poor
2025-02-10 12:00:00,864,6.47,0.74,24.31,1.08,45,Average
2025-02-10 13:00:00,358,6.47,1.71,20.71,0.51,50,Average
2025-02-10 14:00:00,624,5.83,2.48,36.78,0.99,63,Poor
2025-02-10 15:00:00,468,7.45,1.7,23.86,1.19,65,Good
2025-02-10 16:00:00,1039,7.77,2.58,25.54,0.54,264,Poor
2025-02-10 17:00:00,229,7.97,4.53,14.66,0.32,22,Average
2025-02-10 18:00:00,1032,8.18,4.69,26.63,1.29,10,Poor
2025-02-10 19:00:00,916,6.37,0.63,14.78,0.77,248,Poor
2025-02-10 20:00:00,952,7.68,3.35,17.28,0.42,2,Poor
2025-02-10 21:00:00,938,8.0,4.86,19.17,1.99,118,Poor
2025-02-10 22:00:00,964,7.56,3.46,17.24,0.37,281,Poor
2025-02-10 23:00:00,346,6.89,4.1,26.97,1.45,155,Average
2025-02-11 00:00:00,752,5.98,4.04,35.1,0.63,191,Poor
2025-02-11 01:00:00,588,7.66,1.77,26.09,1.1,264,Good
2025-02-11 02:00:00,259,7.2,0.66,35.02,0.7,84,Good
2025-02-11 03:00:00,640,5.82,4.06,31.03,0.89,18,Poor
2025-02-11 04:00:00,432,7.67,2.52,37.88,1.67,87,Average
2025-02-11 05:00:00,261,8.29,1.74,38.33,0.46,92,Good
2025-02-11 06:00:00,905,6.63,4.55,27.7,1.16,200,Poor
2025-02-11 07:00:00,205,6.44,4.0,18.68,1.41,86,Average
2025-02-11 08:00:00,720,5.8,2.75,17.37,1.03,66,Poor
2025-02-11 09:00:00,1017,8.74,3.83,19.75,1.67,46,Poor
2025-02-11 10:00:00,911,8.52,2.2,17.91,0.32,154,Poor
2025-02-11 11:00:00,732,6.34,2.11,16.18,1.6,152,Average
2025-02-11 12:00:00,673,5.51,0.38,16.01,1.38,103,Poor
2025-02-11 13:00:00,697,7.93,1.22,22.3,0.65,140,Average
2025-02-11 14:00:00,1019,6.9,2.63,31.83,1.8,200,Poor
2025-02-11 15:00:00,1020,7.19,0.94,22.26,1.53,93,Poor
